Nome: ENCRUZILHADA DO SUL
Codigo Estacao: A893
Latitude: -30.54305555
Longitude: -52.52472221
Altitude: 427.75
Situacao: Operante
Data Inicial: 2018-03-14
Data Final: 2018-12-31
Periodicidade da Medicao: Mensal

Data Medicao;NUMERO DE DIAS COM PRECIP. PLUV, MENSAL (AUT)(número);PRECIPITACAO TOTAL, MENSAL (AUT)(mm);PRESSAO ATMOSFERICA, MEDIA MENSAL (AUT)(mB);TEMPERATURA MEDIA, MENSAL (AUT)(°C);VENTO, VELOCIDADE MAXIMA MENSAL (AUT)(m/s);VENTO, VELOCIDADE MEDIA MENSAL (AUT)(m/s);
2018-03-31;5;null;null;19,703125;6,9;null;
2018-04-30;12;247;968,921667;20,941945;6,9;2,1425;
2018-05-31;11;56,6;969,647212;15,745664;7,1;2,535501;
2018-06-30;16;123,2;969,921777;10,943852;7,5;2,432822;
2018-07-31;21;214;970,022581;11,629704;8,6;3,018548;
2018-08-31;13;150,2;970,561962;12,038172;7,2;2,923656;
2018-09-30;17;304,6;967,15173;16,719306;9;2,851793;
2018-10-31;9;94,4;966,849731;17,141263;7,7;3,13293;
2018-11-30;8;138,6;965,392917;20,607778;8;2,888056;
2018-12-31;12;161,2;965,03078;21,485484;7,7;2,713306;

