Nome: SANTANA DO LIVRAMENTO
Codigo Estacao: A804
Latitude: -30.75055555
Longitude: -55.40138888
Altitude: 196
Situacao: Operante
Data Inicial: 2013-01-01
Data Final: 2018-12-31
Periodicidade da Medicao: Mensal

Data Medicao;NUMERO DE DIAS COM PRECIP. PLUV, MENSAL (AUT)(número);PRECIPITACAO TOTAL, MENSAL (AUT)(mm);PRESSAO ATMOSFERICA, MEDIA MENSAL (AUT)(mB);TEMPERATURA MEDIA, MENSAL (AUT)(°C);VENTO, VELOCIDADE MAXIMA MENSAL (AUT)(m/s);VENTO, VELOCIDADE MEDIA MENSAL (AUT)(m/s);
2013-01-31;11;180,4;975,767742;21,799194;6,8;2,593817;
2013-02-28;14;108,8;974,358036;21,864137;10,7;2,694494;
2013-03-31;11;83;976,911722;18,937644;12,9;2,815167;
2013-04-30;10;128,4;977,954167;17,776944;7,2;2,250417;
2013-05-31;18;197;977,982527;13,672312;8,2;2,525134;
2013-06-30;17;48,4;979,143161;12,347619;8,4;2,816638;
2013-07-31;6;55,8;null;null;8,1;null;
2013-08-31;null;null;null;null;7,9;null;
2013-09-30;1;null;null;null;8,1;null;
2013-10-31;11;143,8;977,50375;16,924597;8,4;2,861705;
2013-11-30;12;291,2;974,063937;19,742241;7,1;2,633333;
2013-12-31;2;null;null;22,31901;9,2;null;
2014-01-31;null;null;null;null;null;null;
2014-02-28;null;null;null;null;null;null;
2014-03-31;null;null;null;null;null;null;
2014-04-30;null;null;null;null;null;null;
2014-05-31;null;null;null;null;null;null;
2014-06-30;null;null;null;null;null;null;
2014-07-31;null;null;null;null;null;null;
2014-08-31;null;null;null;null;null;null;
2014-09-30;null;null;null;null;null;null;
2014-10-31;null;null;null;null;null;null;
2014-11-30;null;null;null;null;null;null;
2014-12-31;null;null;null;null;null;null;
2015-01-31;null;null;null;null;null;null;
2015-02-28;null;null;null;null;null;null;
2015-03-31;null;null;null;null;null;null;
2015-04-30;null;null;null;null;null;null;
2015-05-31;null;null;null;null;null;null;
2015-06-30;null;null;null;null;null;null;
2015-07-31;null;null;null;null;null;null;
2015-08-31;null;null;null;null;null;null;
2015-09-30;null;null;null;null;null;null;
2015-10-31;null;null;null;null;null;null;
2015-11-30;null;null;null;null;null;null;
2015-12-31;null;null;null;null;null;null;
2016-01-31;null;null;null;null;null;null;
2016-02-29;null;null;null;null;null;null;
2016-03-31;null;null;null;null;null;null;
2016-04-30;null;null;null;null;null;null;
2016-05-31;null;null;null;null;null;null;
2016-06-30;null;null;null;null;null;null;
2016-07-31;null;null;null;null;null;null;
2016-08-31;7;null;994,448333;14,121474;10,9;2,861539;
2016-09-30;8;17,2;996,324138;13,429454;9,5;3,336638;
2016-10-31;10;141;991,906546;17,1125;9,6;3,170851;
2016-11-30;8;101,6;991,031178;20,07227;14,3;2,8875;
2016-12-31;15;163,8;988,442778;22,658611;10,5;2,783472;
2017-01-31;12;154;989,768054;22,949982;9,7;2,655998;
2017-02-28;18;227,6;null;21,968501;8,4;null;
2017-03-31;8;140,6;993,095907;null;10,4;2,699317;
2017-04-30;9;300;993,229581;17,561305;9,6;2,693578;
2017-05-31;18;163;null;15,420163;13,3;null;
2017-06-30;null;null;null;null;null;null;
2017-07-31;5;null;null;null;8,5;null;
2017-08-31;15;164,2;null;null;16,2;null;
2017-09-30;12;242,4;null;null;9,1;null;
2017-10-31;10;206,4;990,274731;17,235349;11,9;3,620027;
2017-11-30;7;54,8;989,983055;19,303889;11,8;3,075417;
2017-12-31;7;116,4;988,468817;23,496505;16,6;2,952285;
2018-01-31;14;194,6;988,758871;23,566532;12;2,833602;
2018-02-28;4;17,2;990,607292;22,370536;12,6;2,579613;
2018-03-31;9;123,2;989,946909;20,78293;10,1;2,52043;
2018-04-30;10;148,6;993,719445;21,213472;9,8;2,377778;
2018-05-31;12;236,8;995,16586;15,468414;12,3;2,408871;
2018-06-30;11;48,2;996,650556;10,148472;8;2,513194;
2018-07-31;15;114,6;996,358737;11,126075;9,9;3,088844;
2018-08-31;10;166,2;997,077151;11,270968;10;3,116398;
2018-09-30;15;226,4;992,334583;16,843333;12,2;3,64125;
2018-10-31;9;108,6;992,441398;17,38629;11,8;3,402016;
2018-11-30;9;217,4;990,191944;21,04;12,7;3,153889;
2018-12-31;10;201,8;990,02379;21,904167;10,8;2,857124;

